{
    "metadata":{
        "version":3,
        "generator":"io_three",
        "type":"Geometry",
        "vertices":87,
        "uvs":0,
        "faces":85,
        "normals":4
    },
    "faces":[32,2,0,1,0,0,0,32,2,63,0,0,0,0,32,63,86,0,0,0,0,32,63,85,86,0,0,0,32,63,84,85,0,0,0,32,63,83,84,0,0,0,32,63,82,83,0,1,0,32,63,64,82,0,0,1,32,64,81,82,0,0,1,32,65,81,64,0,0,0,32,66,81,65,0,0,0,32,2,62,63,0,2,0,32,67,81,66,1,0,0,32,67,80,81,1,0,0,32,68,80,67,0,0,1,32,69,80,68,0,0,0,32,69,79,80,0,1,0,32,70,79,69,0,1,0,32,71,79,70,1,1,0,32,71,78,79,1,1,1,32,72,78,71,1,1,1,32,73,78,72,1,1,1,32,73,77,78,1,0,1,32,74,77,73,0,0,1,32,74,76,77,0,0,0,32,75,76,74,0,0,0,32,9,7,8,0,0,1,32,10,7,9,0,0,0,32,10,6,7,0,0,0,32,11,6,10,0,0,0,32,11,5,6,0,0,0,32,12,5,11,0,0,0,32,12,4,5,0,0,0,32,13,4,12,0,0,0,32,13,3,4,0,1,0,32,14,3,13,0,1,0,32,14,2,3,0,0,1,32,15,2,14,0,0,0,32,15,62,2,0,2,0,32,16,62,15,1,2,0,32,17,62,16,0,2,1,32,18,62,17,0,2,0,32,19,62,18,0,2,0,32,20,62,19,0,2,0,32,21,50,20,0,0,0,32,50,62,20,0,2,0,32,21,49,50,0,0,0,32,51,62,50,3,2,0,32,52,62,51,3,2,3,32,53,62,52,3,2,3,32,54,62,53,3,2,3,32,55,62,54,3,2,3,32,56,62,55,3,2,3,32,57,62,56,3,2,3,32,58,62,57,3,2,3,32,59,62,58,3,2,3,32,60,62,59,3,2,3,32,61,62,60,3,2,3,32,22,49,21,0,0,0,32,22,48,49,0,0,0,32,22,47,48,0,0,0,32,23,47,22,0,0,0,32,23,46,47,0,0,0,32,24,46,23,0,0,0,32,24,45,46,0,0,0,32,25,45,24,0,0,0,32,25,44,45,0,0,0,32,26,44,25,0,0,0,32,26,43,44,0,0,0,32,26,42,43,0,0,0,32,27,42,26,1,0,0,32,27,41,42,1,0,0,32,28,41,27,1,0,1,32,28,40,41,1,0,0,32,29,40,28,0,0,1,32,29,39,40,0,0,0,32,29,38,39,0,0,0,32,30,38,29,0,0,0,32,30,37,38,0,0,0,32,31,37,30,0,0,0,32,31,36,37,0,0,0,32,32,36,31,0,0,0,32,32,35,36,0,1,0,32,33,35,32,0,1,0,32,33,34,35,0,0,1],
    "name":"MeshGeometry.1",
    "uvs":[],
    "vertices":[0.135438,-0,-0.604638,0.10016,-0,-0.604638,0.10016,-0,-0.090921,0.091125,-0,-0.096504,0.081335,-0,-0.101198,0.070871,-0,-0.104986,0.059812,-0,-0.107848,0.048239,-0,-0.109768,0.036231,-0,-0.110726,0.023869,-0,-0.110705,0.011232,-0,-0.109685,-0.0016,-0,-0.107649,-0.014546,-0,-0.104579,-0.027527,-0,-0.100456,-0.040462,-0,-0.095261,-0.057297,-0,-0.086733,-0.072691,-0,-0.076864,-0.086544,-0,-0.065836,-0.098756,-0,-0.053829,-0.109224,-0,-0.041023,-0.117848,-0,-0.027597,-0.124526,-0,-0.013732,-0.129159,0,0.000391,-0.131645,0,0.014594,-0.131883,0,0.028696,-0.129772,0,0.042516,-0.125211,0,0.055875,-0.118333,0,0.068202,-0.109473,0,0.079019,-0.098832,0,0.088277,-0.086612,0,0.095934,-0.073014,0,0.101942,-0.058239,0,0.106257,-0.042489,0,0.108833,-0.025966,0,0.109625,-0.00887,0,0.108587,0.008596,0,0.105673,0.026232,0,0.100838,0.043837,0,0.094038,0.057258,0,0.087413,0.069792,0,0.079928,0.081388,0,0.071672,0.091998,0,0.062734,0.101571,0,0.053202,0.110057,0,0.043165,0.117408,0,0.032712,0.123573,0,0.021933,0.128503,0,0.010915,0.132149,-0,-0.000252,0.13446,-0,-0.011479,0.135388,-0,-0.022677,0.135388,-0,-0.022677,0.13539,-0,-0.022677,0.135393,-0,-0.022677,0.135397,-0,-0.022677,0.135401,-0,-0.022677,0.135406,-0,-0.022677,0.135412,-0,-0.022677,0.135417,-0,-0.022677,0.135423,-0,-0.022677,0.135428,-0,-0.022677,0.135433,-0,-0.022677,0.135438,-0,-0.022677,0.135438,-0,-0.463558,0.157413,-0,-0.466792,0.179311,-0,-0.463895,0.20124,-0,-0.455808,0.223306,-0,-0.443474,0.245618,-0,-0.427832,0.268282,-0,-0.409826,0.291405,-0,-0.390396,0.315094,-0,-0.370483,0.339458,-0,-0.35103,0.364602,-0,-0.332978,0.390634,-0,-0.317268,0.417662,-0,-0.304841,0.414629,-0,-0.310035,0.403344,-0,-0.325466,0.385165,-0,-0.349142,0.361451,-0,-0.379071,0.333559,-0,-0.413263,0.302847,-0,-0.449724,0.270675,-0,-0.486464,0.2384,-0,-0.521492,0.207381,-0,-0.552814,0.178975,-0,-0.57844,0.154542,-0,-0.596379],
    "normals":[0,1,0,0,0.999969,0,0,0.999969,0.000855,0,0,1]
}