{
    "metadata":{
        "version":3,
        "generator":"io_three",
        "position":87,
        "type":"BufferGeometry",
        "normal":87
    },
    "data":{
        "attributes":{
            "position":{
                "array":[0.10016,-0,-0.090921,0.135438,-0,-0.604638,0.10016,-0,-0.604638,0.135438,-0,-0.463558,0.154542,-0,-0.596379,0.178975,-0,-0.57844,0.207381,-0,-0.552814,0.2384,-0,-0.521492,0.270675,-0,-0.486464,0.157413,-0,-0.466792,0.302847,-0,-0.449724,0.179311,-0,-0.463895,0.20124,-0,-0.455808,0.135438,-0,-0.022677,0.223306,-0,-0.443474,0.333559,-0,-0.413263,0.245618,-0,-0.427832,0.268282,-0,-0.409826,0.361451,-0,-0.379071,0.291405,-0,-0.390396,0.315094,-0,-0.370483,0.385165,-0,-0.349142,0.339458,-0,-0.35103,0.364602,-0,-0.332978,0.403344,-0,-0.325466,0.390634,-0,-0.317268,0.414629,-0,-0.310035,0.417662,-0,-0.304841,0.023869,-0,-0.110705,0.048239,-0,-0.109768,0.036231,-0,-0.110726,0.011232,-0,-0.109685,0.059812,-0,-0.107848,-0.0016,-0,-0.107649,0.070871,-0,-0.104986,-0.014546,-0,-0.104579,0.081335,-0,-0.101198,-0.027527,-0,-0.100456,0.091125,-0,-0.096504,-0.040462,-0,-0.095261,-0.057297,-0,-0.086733,-0.072691,-0,-0.076864,-0.086544,-0,-0.065836,-0.098756,-0,-0.053829,-0.109224,-0,-0.041023,-0.117848,-0,-0.027597,-0.124526,-0,-0.013732,0.135388,-0,-0.022677,0.13446,-0,-0.011479,0.135388,-0,-0.022677,0.13539,-0,-0.022677,0.135393,-0,-0.022677,0.135397,-0,-0.022677,0.135401,-0,-0.022677,0.135406,-0,-0.022677,0.135412,-0,-0.022677,0.135417,-0,-0.022677,0.135423,-0,-0.022677,0.135428,-0,-0.022677,0.135433,-0,-0.022677,-0.129159,0,0.000391,0.132149,-0,-0.000252,0.128503,0,0.010915,-0.131645,0,0.014594,0.123573,0,0.021933,-0.131883,0,0.028696,0.117408,0,0.032712,-0.129772,0,0.042516,0.110057,0,0.043165,-0.125211,0,0.055875,0.101571,0,0.053202,0.091998,0,0.062734,-0.118333,0,0.068202,0.081388,0,0.071672,-0.109473,0,0.079019,0.069792,0,0.079928,-0.098832,0,0.088277,0.057258,0,0.087413,0.043837,0,0.094038,-0.086612,0,0.095934,0.026232,0,0.100838,-0.073014,0,0.101942,0.008596,0,0.105673,-0.058239,0,0.106257,-0.00887,0,0.108587,-0.042489,0,0.108833,-0.025966,0,0.109625],
                "type":"Float32Array",
                "itemSize":3
            },
            "normal":{
                "array":[0,1,0,0,1,0,0,1,0,0,1,0,0,1,0,0,1,0,0,1,0,0,1,0,0,0.999969,0,0,1,0,0,1,0,0,1,0,0,1,0,0,0.999969,0.000855,0,0.999969,0,0,1,0,0,1,0,0,1,0,0,0.999969,0,0,1,0,0,0.999969,0,0,0.999969,0,0,0.999969,0,0,0.999969,0,0,1,0,0,1,0,0,1,0,0,1,0,0,1,0,0,1,0,0,0.999969,0,0,1,0,0,1,0,0,1,0,0,1,0,0,1,0,0,1,0,0,1,0,0,0.999969,0,0,1,0,0,1,0,0,0.999969,0,0,1,0,0,1,0,0,1,0,0,1,0,0,1,0,0,1,0,0,1,0,0,0,1,0,0,1,0,0,1,0,0,1,0,0,1,0,0,1,0,0,1,0,0,1,0,0,1,0,0,1,0,0,1,0,1,0,0,1,0,0,1,0,0,1,0,0,1,0,0,1,0,0,1,0,0,1,0,0,1,0,0,1,0,0,1,0,0,1,0,0,0.999969,0,0,1,0,0,0.999969,0,0,1,0,0,1,0,0,1,0,0,1,0,0,1,0,0,1,0,0,1,0,0,1,0,0,1,0,0,0.999969,0,0,1,0,0,1,0],
                "type":"Float32Array",
                "itemSize":3
            }
        }
    }
}