{
    "metadata":{
        "version":3,
        "generator":"io_three",
        "position":197,
        "type":"BufferGeometry",
        "normal":197
    },
    "data":{
        "attributes":{
            "position":{
                "array":[0.085883,-0,-0.085945,0.121161,-0,-0.599663,0.085883,-0,-0.599663,0.121161,-0,-0.017701,0.010353,-0,-0.10576,0.022696,-0,-0.10572,0.016072,-0,-0.105864,0.004575,-0,-0.105444,0.029216,-0,-0.105291,-0.001254,-0,-0.104916,0.035618,-0,-0.104579,-0.007126,-0,-0.104172,0.04189,-0,-0.103588,-0.013034,-0,-0.103213,0.04802,-0,-0.102321,-0.01897,-0,-0.102035,0.053995,-0,-0.100779,-0.024926,-0,-0.100637,0.059803,-0,-0.098967,-0.030895,-0,-0.099017,-0.036868,-0,-0.097174,0.06543,-0,-0.096887,-0.042839,-0,-0.095105,0.070864,-0,-0.094542,-0.048798,-0,-0.09281,0.076093,-0,-0.091935,-0.05474,-0,-0.090286,0.081103,-0,-0.089068,-0.071574,-0,-0.081757,0.021343,-0,-0.079297,0.026525,-0,-0.078964,0.031606,-0,-0.078414,0.036573,-0,-0.07765,0.041416,-0,-0.076675,0.04612,-0,-0.075494,0.050673,-0,-0.074109,0.055063,-0,-0.072523,0.059278,-0,-0.070741,0.063305,-0,-0.068766,0.067132,-0,-0.066601,0.070746,-0,-0.06425,0.071065,-0,-0.064027,0.073367,-0,-0.062422,0.075183,-0,-0.061155,0.090157,-0,-0.050712,0.092556,-0,-0.049039,0.094705,-0,-0.04754,-0.086969,-0,-0.071888,0.006124,-0,-0.079029,0.011115,-0,-0.079314,0.016072,-0,-0.079409,0.001105,-0,-0.078556,-0.003932,-0,-0.077897,-0.00898,-0,-0.077053,-0.014032,-0,-0.076026,-0.019079,-0,-0.074818,-0.024114,-0,-0.073431,-0.029129,-0,-0.071866,-0.100822,-0,-0.060861,-0.034116,-0,-0.070125,-0.039067,-0,-0.06821,-0.043975,-0,-0.066123,-0.051037,-0,-0.062778,0.071966,-0,-0.063399,-0.057849,-0,-0.059143,0.077332,-0,-0.059657,0.082296,-0,-0.056195,-0.113033,-0,-0.048853,0.079731,-0,-0.057984,-0.064398,-0,-0.055231,0.084944,-0,-0.054348,-0.070669,-0,-0.051056,0.087592,-0,-0.052501,-0.076646,-0,-0.046629,-0.123501,-0,-0.036047,0.094705,-0,-0.020516,-0.082316,-0,-0.041964,-0.087663,-0,-0.037073,-0.092673,-0,-0.03197,-0.132125,-0,-0.022621,-0.097331,-0,-0.026668,-0.101622,-0,-0.021178,-0.138804,-0,-0.008757,-0.105531,-0,-0.015514,0.09466,-0,-0.018219,0.094442,-0,-0.014129,0.12111,-0,-0.017701,0.120183,-0,-0.006503,0.121111,-0,-0.017701,0.121113,-0,-0.017701,0.121116,-0,-0.017701,0.121119,-0,-0.017701,0.121124,-0,-0.017701,0.121129,-0,-0.017701,0.121135,-0,-0.017701,0.12114,-0,-0.017701,0.121146,-0,-0.017701,0.121151,-0,-0.017701,0.121156,-0,-0.017701,-0.109043,-0,-0.009688,0.093948,-0,-0.009983,0.093183,-0,-0.005795,-0.111798,-0,-0.004417,-0.143437,0,0.005367,0.117871,0,0.004724,0.092151,-0,-0.001574,-0.114152,0,0.000847,0.090857,0,0.002667,-0.116103,0,0.00609,0.089306,0,0.006917,0.114226,0,0.015891,-0.145923,0,0.01957,-0.117651,0,0.011298,0.087502,0,0.011164,0.08545,0,0.015398,-0.118792,0,0.016458,0.083153,0,0.019607,0.109296,0,0.026908,-0.119527,0,0.021557,-0.146161,0,0.033671,0.080617,0,0.023779,-0.119854,0,0.02658,0.077846,0,0.027904,-0.119771,0,0.031513,0.10313,0,0.037688,0.074845,0,0.031968,-0.119277,0,0.036345,0.071277,0,0.036374,-0.144049,0,0.047491,-0.118371,0,0.04106,0.067483,0,0.040647,0.09578,0,0.04814,0.063473,0,0.044781,-0.11705,0,0.045646,0.059253,0,0.048771,-0.115314,0,0.050089,-0.139488,0,0.060851,0.087293,0,0.058177,0.05483,0,0.052612,-0.112334,0,0.055769,0.050211,0,0.056298,-0.108646,0,0.06106,0.045404,0,0.059824,0.07772,0,0.06771,0.040417,0,0.063183,-0.135171,0,0.069171,-0.104289,0,0.06594,0.035255,0,0.06637,-0.099301,0,0.070391,0.029927,0,0.06938,0.067111,0,0.076648,-0.129957,0,0.076836,0.024441,0,0.072208,-0.093721,0,0.074392,0.018802,0,0.074846,-0.087587,0,0.077923,0.013889,0,0.076936,0.055514,0,0.084904,-0.123905,0,0.083835,0.008933,0,0.078854,-0.080938,0,0.080966,0.003941,0,0.080597,-0.001079,0,0.082163,-0.073812,0,0.083499,-0.006118,0,0.083552,-0.066247,0,0.085504,-0.011171,0,0.084762,-0.117072,0,0.090152,-0.016227,0,0.08579,0.042981,0,0.092389,-0.058282,0,0.086961,-0.021281,0,0.086635,-0.026323,0,0.087295,-0.049955,0,0.087849,-0.031346,0,0.087769,-0.036343,0,0.088054,-0.041305,0,0.08815,-0.109517,0,0.095776,0.029559,0,0.099013,-0.101298,0,0.100692,0.023615,0,0.101539,-0.092473,0,0.104888,0.017651,0,0.103836,0.011676,0,0.105907,-0.083102,0,0.108351,0.005698,0,0.107751,-0.000275,0,0.109372,-0.073241,0,0.111068,-0.006236,0,0.110771,-0.012177,0,0.11195,-0.062949,0,0.113024,-0.01809,0,0.11291,-0.023968,0,0.113655,-0.052286,0,0.114208,-0.029801,0,0.114184,-0.035584,0,0.1145,-0.041307,0,0.114605],
                "type":"Float32Array",
                "itemSize":3
            },
            "normal":{
                "array":[0,0.999969,0,0,1,0,0,1,0,0,0.999969,0.001495,0,1,0,0,1,0,0,1,0,0,0.999969,0,0,1,0,0,1,0,0,1,0,0,1,0,0,1,0,0,1,0,0,1,0,0,1,0,0,1,0,0,0.999969,0,0,1,0,0,1,0,0,1,0,0,1,0,0,1,0,0,1,0,0,1,0,0,1,0,0,1,0,0,1,0,0,1,0,0,1,0,0,1,0,0,0.999969,0,0,1,0,0,1,0,0,1,0,0,1,0,0,0.999969,0,0,1,0,0,1,0,0,0.999969,0,0,1,0,0,1,0,0,1,0,0,1,0,0,0.999969,0,0,1,0,0,1,0,0,1,0,0,1,0,0,1,0,0,1,0,0,1,0,0,1,0,0,0.999969,0,0,1,0,0,1,0,0,1,0,0,1,0,0,1,0,0,1,0,0,1,0,0,1,0,0,1,0,0,1,0,0,1,0,0,1,0,0,1,0,0,1,0,0,1,0,0,1,0,0,1,0,0,1,0,0,1,0,0,1,0,0,1,0,0,1,0,0,1,0,0,0.999969,0,0,1,0,0,1,0,0,1,0,0,1,0,0,1,0,0,1,0,0,0.999969,0,0,1,0,0,1,0,0,0.999969,0,0,0,1,0,0,1,0,0,1,0,0,1,0,0,1,0,0,1,0,0,1,0,0,1,0,0,0.999969,0,0,1,0,0,1,0,1,0,0,0.999969,0,0,1,0,0,0.999969,0,0,0.999969,0,0,1,0,0,1,0,0,0.999969,0,0,1,0,0,1,0,0,1,0,0,0.999969,0,0,1,0,0,1,0,0,1,0,0,1,0,0,1,0,0,1,0,0,1,0,0,0.999969,0,0,1,0,0,0.999969,0,0,1,0,0,1,0,0,1,0,0,1,0,0,1,0,0,1,0,0,1,0,0,0.999969,0,0,1,0,0,1,0,0,1,0,0,1,0,0,1,0,0,1,0,0,1,0,0,1,0,0,1,0,0,1,0,0,1,0,0,1,0,0,1,0,0,1,0,0,0.999969,0,0,0.999969,0,0,1,0,0,1,0,0,1,0,0,1,0,0,1,0,0,1,0,0,1,0,0,1,0,0,1,0,0,1,0,0,1,0,0,1,0,0,1,0,0,1,0,0,1,0,0,1,0,0,1,0,0,1,0,0,1,0,0,0.999969,0,0,0.999969,0,0,0.999969,0,0,1,0,0,1,0,0,0.999969,0,0,0.999969,0,0,1,0,0,1,0,0,1,0,0,1,0,0,1,0,0,1,0,0,1,0,0,1,0,0,1,0,0,1,0,0,1,0,0,1,0,0,1,0,0,1,0,0,1,0,0,1,0,0,1,0,0,1,0,0,1,0,0,1,0,0,1,0,0,0.999969,0,0,1,0,0,1,0,0,0.999969,0,0,1,0],
                "type":"Float32Array",
                "itemSize":3
            }
        }
    }
}