{
    "metadata":{
        "version":3,
        "generator":"io_three",
        "type":"Geometry",
        "vertices":63,
        "uvs":0,
        "faces":61,
        "normals":4
    },
    "faces":[32,2,0,1,0,0,0,32,2,62,0,0,1,0,32,9,7,8,0,0,0,32,10,7,9,0,0,0,32,10,6,7,0,0,0,32,11,6,10,0,0,0,32,11,5,6,0,0,0,32,12,5,11,2,0,0,32,12,4,5,2,0,0,32,13,4,12,0,0,2,32,13,3,4,0,0,0,32,14,3,13,0,0,0,32,14,2,3,0,0,0,32,15,2,14,0,0,0,32,15,62,2,0,1,0,32,16,62,15,2,1,0,32,17,62,16,0,1,2,32,18,62,17,0,1,0,32,19,62,18,0,1,0,32,20,62,19,0,1,0,32,21,50,20,0,0,0,32,50,62,20,0,1,0,32,21,49,50,0,0,0,32,51,62,50,3,1,0,32,52,62,51,3,1,3,32,53,62,52,3,1,3,32,54,62,53,3,1,3,32,55,62,54,3,1,3,32,56,62,55,3,1,3,32,57,62,56,3,1,3,32,58,62,57,3,1,3,32,59,62,58,3,1,3,32,60,62,59,3,1,3,32,61,62,60,3,1,3,32,22,49,21,0,0,0,32,22,48,49,0,0,0,32,22,47,48,0,2,0,32,23,47,22,2,2,0,32,23,46,47,2,0,2,32,24,46,23,0,0,2,32,24,45,46,0,0,0,32,25,45,24,0,0,0,32,25,44,45,0,2,0,32,26,44,25,0,2,0,32,26,43,44,0,2,2,32,26,42,43,0,0,2,32,27,42,26,2,0,0,32,27,41,42,2,0,0,32,28,41,27,2,0,2,32,28,40,41,2,0,0,32,29,40,28,0,0,2,32,29,39,40,0,0,0,32,29,38,39,0,0,0,32,30,38,29,0,0,0,32,30,37,38,0,0,0,32,31,37,30,0,0,0,32,31,36,37,0,0,0,32,32,36,31,0,0,0,32,32,35,36,0,0,0,32,33,35,32,0,0,0,32,33,34,35,0,0,0],
    "name":"Mesh.001Geometry.2",
    "uvs":[],
    "vertices":[0.135438,-0,-0.604638,0.10016,-0,-0.604638,0.10016,-0,-0.090921,0.091125,-0,-0.096503,0.081335,-0,-0.101198,0.070871,-0,-0.104986,0.059812,-0,-0.107848,0.048239,-0,-0.109768,0.036231,-0,-0.110726,0.023869,-0,-0.110704,0.011232,-0,-0.109685,-0.001599,-0,-0.107649,-0.014546,-0,-0.104579,-0.027527,-0,-0.100456,-0.040462,-0,-0.095261,-0.057297,-0,-0.086732,-0.072691,-0,-0.076864,-0.086544,-0,-0.065836,-0.098755,-0,-0.053829,-0.109223,-0,-0.041023,-0.117848,-0,-0.027597,-0.124526,-0,-0.013732,-0.129159,0,0.000391,-0.131645,0,0.014594,-0.131883,0,0.028696,-0.129772,0,0.042516,-0.125211,0,0.055875,-0.118333,0,0.068202,-0.109473,0,0.079019,-0.098832,0,0.088278,-0.086612,0,0.095934,-0.073013,0,0.101943,-0.058239,0,0.106258,-0.042489,0,0.108833,-0.025966,0,0.109625,-0.00887,0,0.108587,0.008597,0,0.105673,0.026233,0,0.100839,0.043837,0,0.094038,0.057258,0,0.087413,0.069792,0,0.079929,0.081388,0,0.071673,0.091998,0,0.062734,0.10157,0,0.053202,0.110057,0,0.043165,0.117408,0,0.032712,0.123573,0,0.021933,0.128503,0,0.010915,0.132149,-0,-0.000252,0.13446,-0,-0.011479,0.135388,-0,-0.022677,0.135388,-0,-0.022677,0.13539,-0,-0.022677,0.135393,-0,-0.022677,0.135397,-0,-0.022677,0.135401,-0,-0.022677,0.135406,-0,-0.022677,0.135412,-0,-0.022677,0.135418,-0,-0.022677,0.135423,-0,-0.022677,0.135429,-0,-0.022677,0.135434,-0,-0.022677,0.135438,-0,-0.022677],
    "normals":[0,1,0,0,0.999969,0.000427,0,0.999969,0,0,0,1]
}