{
    "metadata":{
        "version":3,
        "generator":"io_three",
        "position":96,
        "type":"BufferGeometry",
        "normal":96
    },
    "data":{
        "attributes":{
            "position":{
                "array":[-0.020316,-0,-0.11358,0.020317,-0,-0.11358,0,-0,-0.114628,-0.039811,-0,-0.110527,0.039812,-0,-0.110527,-0.058304,-0,-0.105606,0.058304,-0,-0.105606,-0.075614,-0,-0.098956,0.075614,-0,-0.098956,-0.091562,-0,-0.090713,0.091562,-0,-0.090713,-0.105967,-0,-0.081017,0.037417,-0,-0.081772,0.105968,-0,-0.081016,0.025635,-0,-0.081501,0.048589,-0,-0.080714,0.013396,-0,-0.079893,-0.11865,-0,-0.070003,0.118651,-0,-0.070003,0.059002,-0,-0.078329,0.000852,-0,-0.076945,0.068502,-0,-0.074625,-0.011848,-0,-0.07265,0.07694,-0,-0.069606,-0.02455,-0,-0.067004,-0.129431,-0,-0.05781,0.129432,-0,-0.05781,0.084162,-0,-0.063277,-0.037103,-0,-0.060001,0.090019,-0,-0.055643,-0.04898,-0,-0.051903,-0.13813,-0,-0.044576,0.138131,-0,-0.044576,0.094232,-0,-0.046993,-0.059708,-0,-0.043065,0.096667,-0,-0.037704,-0.144566,-0,-0.030437,0.144567,-0,-0.030437,-0.069227,-0,-0.033627,0.097387,-0,-0.027915,-0.077472,-0,-0.023725,-0.14856,-0,-0.015533,0.14856,-0,-0.015533,0.096456,-0,-0.017762,-0.084381,-0,-0.013497,0.093935,-0,-0.007384,-0.149931,0,1e-06,0.149932,0,1e-06,-0.08989,-0,-0.003081,0.089889,0,0.003082,-0.093936,0,0.007384,-0.14856,0,0.015534,0.148561,0,0.015534,0.08438,0,0.013498,-0.096456,0,0.017762,0.077472,0,0.023725,-0.144566,0,0.030439,0.144567,0,0.030439,-0.097388,0,0.027915,0.069226,0,0.033627,-0.096668,0,0.037704,-0.13813,0,0.044577,0.138131,0,0.044577,0.059708,0,0.043065,-0.094233,0,0.046993,0.048979,0,0.051902,-0.129431,0,0.057811,0.129432,0,0.057812,-0.09002,0,0.055642,0.037102,0,0.06,-0.084164,0,0.063276,-0.11865,0,0.070004,0.118651,0,0.070004,0.024548,0,0.067003,-0.076941,0,0.069605,0.011846,0,0.072648,-0.068503,0,0.074624,-0.105967,0,0.081018,0.105968,0,0.081018,-0.000853,0,0.076943,-0.059003,0,0.078328,-0.013398,0,0.079891,-0.048591,0,0.080712,-0.025637,0,0.081499,-0.037418,0,0.081771,-0.091562,0,0.090715,0.091562,0,0.090715,-0.075614,0,0.098957,0.075614,0,0.098957,-0.058304,0,0.105607,0.058304,0,0.105608,-0.039811,0,0.110528,0.039812,0,0.110528,-0.020316,0,0.113581,0.020317,0,0.113581,0,0,0.11463],
                "type":"Float32Array",
                "itemSize":3
            },
            "normal":{
                "array":[0,1,0,0,1,0,0,1,0,0,1,0,0,1,0,0,1,0,0,1,0,0,1,0,0,0.999969,0,0,1,0,0,1,0,0,0.999969,0,0,1,0,0,1,0,0,1,0,0,1,0,0,1,0,0,1,0,0,1,0,0,1,0,0,1,0,0,1,0,0,1,0,0,0.999969,0,0,0.999969,0,0,1,0,0,1,0,0,1,0,0,1,0,0,1,0,0,1,0,0,1,0,0,1,0,0,1,0,0,1,0,0,0.999969,0,0,0.999969,0,0,0.999969,0,0,1,0,0,1,0,0,1,0,0,0.999969,0,0,1,0,0,1,0,0,1,0,0,0.999969,0,0,1,0,0,1,0,0,1,0,0,1,0,0,1,0,0,1,0,0,1,0,0,1,0,0,1,0,0,1,0,0,1,0,0,0.999969,0,0,0.999969,0,0,1,0,0,1,0,0,1,0,0,0.999969,0,0,1,0,0,1,0,0,1,0,0,1,0,0,0.999969,0,0,1,0,0,1,0,0,1,0,0,1,0,0,1,0,0,1,0,0,1,0,0,0.999969,0,0,1,0,0,1,0,0,1,0,0,1,0,0,1,0,0,1,0,0,0.999969,0,0,1,0,0,0.999969,0,0,1,0,0,1,0,0,0.999969,0,0,1,0,0,1,0,0,0.999969,0,0,1,0,0,1,0,0,1,0,0,1,0,0,1,0],
                "type":"Float32Array",
                "itemSize":3
            }
        }
    }
}